Kernel,Roto_Score
0,8.408581959599298
1,2.046804924865196
2,2.6873406002545974
3,5.845466222330412
4,3.6885527768905613
5,5.588570652699091
6,3.5286898954506136
7,4.581696737791971
8,7.6016912212629375
9,5.342374267661581
10,1.4947030791268583
11,4.810425072058879
12,4.677138558792074
13,7.799683210329729
14,1.3358586025697659
15,4.961761055367654
